mfcc_0_std,mfcc_1_mean,mfcc_1_kurtosis,mfcc_2_mean,mfcc_2_std,mfcc_2_kurtosis,mfcc_5_mean,mfcc_5_std,mfcc_8_kurtosis,mfcc_10_mean,mfcc_10_kurtosis,mfcc_11_kurtosis,mfcc_12_mean,mfcc_12_kurtosis,mfcc_13_kurtosis,mfcc_14_kurtosis,mfcc_15_mean,mfcc_16_mean,mfcc_16_kurtosis,mfcc_17_kurtosis,mfcc_19_mean,mfcc_19_std,chroma_2_mean,chroma_4_mean,chroma_5_mean,pitch_mean,vad_ratio,vad_transitions,jitter,pause_ratio
52.389,-0.0047300304,0.78951395,7.671246,24.804361,0.9132569,5.146869,9.621285,0.77497524,-0.31721506,0.34406453,1.6420727,0.5100044,0.31983843,0.1468065,0.7089291,2.916293,0.08634458,0.67731833,-0.07252566,1.0396072,4.0831056,0.6054768,0.62592524,0.62977433,2091.832,0.7006369426751592,10,0.30661607450220885,0.0
